{
  "stats": {
    "suites": 6,
    "tests": 5,
    "passes": 5,
    "pending": 0,
    "failures": 0,
    "start": "2022-05-03T13:24:23.035Z",
    "end": "2022-05-03T13:24:24.137Z",
    "duration": 1102
  },
  "tests": [
    {
      "title": "returns the customerName",
      "fullTitle": "Fix the Scope declare customerName to be bob in global scope returns the customerName",
      "duration": 1,
      "currentRetry": 0,
      "err": {}
    },
    {
      "title": "modifies the customerName variable",
      "fullTitle": "Fix the Scope upperCaseCustomerName() modifies the customerName variable",
      "duration": 0,
      "currentRetry": 0,
      "err": {}
    },
    {
      "title": "setBestCustomer",
      "fullTitle": "Fix the Scope setBestCustomer() setBestCustomer",
      "duration": 1,
      "currentRetry": 0,
      "err": {}
    },
    {
      "title": "overwrites the best customer",
      "fullTitle": "Fix the Scope overwriteBestCustomer() overwrites the best customer",
      "duration": 0,
      "currentRetry": 0,
      "err": {}
    },
    {
      "title": "unsuccessfully tries to reassign the least favorite customer",
      "fullTitle": "Fix the Scope changeLeastFavoriteCustomer() unsuccessfully tries to reassign the least favorite customer",
      "duration": 2,
      "currentRetry": 0,
      "err": {}
    }
  ],
  "pending": [],
  "failures": [],
  "passes": [
    {
      "title": "returns the customerName",
      "fullTitle": "Fix the Scope declare customerName to be bob in global scope returns the customerName",
      "duration": 1,
      "currentRetry": 0,
      "err": {}
    },
    {
      "title": "modifies the customerName variable",
      "fullTitle": "Fix the Scope upperCaseCustomerName() modifies the customerName variable",
      "duration": 0,
      "currentRetry": 0,
      "err": {}
    },
    {
      "title": "setBestCustomer",
      "fullTitle": "Fix the Scope setBestCustomer() setBestCustomer",
      "duration": 1,
      "currentRetry": 0,
      "err": {}
    },
    {
      "title": "overwrites the best customer",
      "fullTitle": "Fix the Scope overwriteBestCustomer() overwrites the best customer",
      "duration": 0,
      "currentRetry": 0,
      "err": {}
    },
    {
      "title": "unsuccessfully tries to reassign the least favorite customer",
      "fullTitle": "Fix the Scope changeLeastFavoriteCustomer() unsuccessfully tries to reassign the least favorite customer",
      "duration": 2,
      "currentRetry": 0,
      "err": {}
    }
  ]
}